Run,date,Nevents,Particle,Energy,AHCAL,DWC,MCPs,XCET 523,XCET 507,Pressure of XCET 507,Pressure of XCET 523
179,2018-10-11 01:20:00,13953,electron,150,OUT,OUT,OUT,OUT,OUT,-1,-1
180,2018-10-11 01:45:00,11000,electron,150,OUT,OUT,OUT,OUT,OUT,-1,-1
181,2018-10-11 01:57:00,10226,electron,150,OUT,OUT,OUT,OUT,OUT,-1,-1
182,2018-10-11 02:08:00,12376,electron,150,OUT,OUT,OUT,OUT,OUT,-1,-1
183,2018-10-11 02:20:00,12249,electron,150,OUT,OUT,OUT,OUT,OUT,-1,-1
184,2018-10-11 02:33:00,10765,electron,150,OUT,OUT,OUT,OUT,OUT,-1,-1
185,2018-10-11 02:44:00,12061,electron,150,OUT,OUT,OUT,OUT,OUT,-1,-1
186,2018-10-11 02:59:00,10460,electron,150,OUT,OUT,OUT,OUT,OUT,-1,-1
187,2018-10-11 03:07:00,10856,electron,150,OUT,OUT,OUT,OUT,OUT,-1,-1
188,2018-10-11 03:18:00,10121,electron,150,OUT,OUT,OUT,OUT,OUT,-1,-1
189,2018-10-11 03:30:00,11060,electron,150,OUT,OUT,OUT,OUT,OUT,-1,-1
190,2018-10-11 03:42:00,10306,electron,150,OUT,OUT,OUT,OUT,OUT,-1,-1
191,2018-10-11 03:52:00,10442,electron,150,OUT,OUT,OUT,OUT,OUT,-1,-1
192,2018-10-11 04:04:00,11810,electron,150,OUT,OUT,OUT,OUT,OUT,-1,-1
193,2018-10-11 04:16:00,10790,electron,150,OUT,OUT,OUT,OUT,OUT,-1,-1
194,2018-10-11 04:28:00,10440,electron,150,OUT,OUT,OUT,OUT,OUT,-1,-1
195,2018-10-11 04:39:00,11722,electron,150,OUT,OUT,OUT,OUT,OUT,-1,-1
196,2018-10-11 04:50:00,18081,electron,150,OUT,OUT,OUT,OUT,OUT,-1,-1
197,2018-10-11 05:09:00,10374,electron,150,OUT,OUT,OUT,OUT,OUT,-1,-1
198,2018-10-11 05:19:00,10002,electron,150,OUT,OUT,OUT,OUT,OUT,-1,-1
199,2018-10-11 05:30:00,15360,electron,150,OUT,OUT,OUT,OUT,OUT,-1,-1
200,2018-10-11 05:45:00,10262,electron,150,OUT,OUT,OUT,OUT,OUT,-1,-1
201,2018-10-11 05:56:00,10878,electron,150,OUT,OUT,OUT,OUT,OUT,-1,-1
206,2018-10-11 06:09:00,10226,electron,150,OUT,OUT,OUT,OUT,OUT,-1,-1
207,2018-10-11 06:18:00,11357,electron,150,OUT,OUT,OUT,OUT,OUT,-1,-1
208,2018-10-11 06:30:00,9964,electron,150,OUT,OUT,OUT,OUT,OUT,-1,-1
209,2018-10-11 06:40:00,11375,electron,150,OUT,OUT,OUT,OUT,OUT,-1,-1
210,2018-10-11 06:52:00,9982,electron,150,OUT,OUT,OUT,OUT,OUT,-1,-1
211,2018-10-11 07:02:00,10192,electron,150,OUT,OUT,OUT,OUT,OUT,-1,-1
212,2018-10-11 07:14:00,10172,electron,150,OUT,OUT,OUT,OUT,OUT,-1,-1
213,2018-10-11 07:40:00,13321,electron,150,OUT,OUT,OUT,OUT,OUT,-1,-1
214,2018-10-11 08:21:00,5068,electron,150,OUT,OUT,OUT,OUT,OUT,-1,-1
215,2018-10-11 08:39:00,1453,pion,200,OUT,OUT,OUT,OUT,OUT,-1,-1
216,2018-10-11 08:43:00,10846,pion,200,OUT,OUT,OUT,OUT,OUT,-1,-1
258,2018-10-11 20:10:00,3000,electron,100,IN,IN,OUT,OUT,OUT,-1,-1
259,2018-10-11 20:35:00,4841,electron,100,IN,IN,OUT,OUT,OUT,-1,-1
260,2018-10-11 21:07:00,12000,electron,100,IN,IN,OUT,OUT,OUT,-1,-1
265,2018-10-11 22:00:00,10000,electron,100,IN,OUT,OUT,OUT,OUT,-1,-1
267,2018-10-11 22:30:00,11500,electron,100,IN,OUT,OUT,OUT,OUT,-1,-1
268,2018-10-11 23:00:00,1000,electron,100,IN,OUT,OUT,OUT,OUT,-1,-1
269,2018-10-11 23:10:00,11900,electron,100,IN,OUT,OUT,OUT,OUT,-1,-1
270,2018-10-11 23:25:00,10700,electron,100,IN,OUT,OUT,OUT,OUT,-1,-1
271,2018-10-11 23:40:00,10253,electron,100,IN,OUT,OUT,OUT,OUT,-1,-1
272,2018-10-12 00:01:00,10298,electron,100,IN,OUT,OUT,OUT,OUT,-1,-1
273,2018-10-12 00:16:00,10000,electron,100,IN,OUT,OUT,OUT,OUT,-1,-1
275,2018-10-12 00:41:00,10412,electron,100,IN,OUT,OUT,OUT,OUT,-1,-1
276,2018-10-12 00:54:00,10426,electron,100,IN,OUT,OUT,OUT,OUT,-1,-1
277,2018-10-12 01:27:00,10694,electron,100,IN,OUT,OUT,OUT,OUT,-1,-1
278,2018-10-12 02:00:00,10048,electron,80,IN,OUT,OUT,OUT,OUT,-1,-1
279,2018-10-12 02:16:00,10033,electron,80,IN,OUT,OUT,OUT,OUT,-1,-1
280,2018-10-12 02:32:00,10288,electron,80,IN,OUT,OUT,OUT,OUT,-1,-1
281,2018-10-12 02:49:00,10380,electron,80,IN,OUT,OUT,OUT,OUT,-1,-1
282,2018-10-12 03:04:00,10470,electron,80,IN,OUT,OUT,OUT,OUT,-1,-1
283,2018-10-12 03:20:00,10511,electron,80,IN,OUT,OUT,OUT,OUT,-1,-1
284,2018-10-12 03:36:00,4102,electron,80,IN,OUT,OUT,OUT,OUT,-1,-1
285,2018-10-12 03:57:00,10297,electron,80,IN,OUT,OUT,OUT,OUT,-1,-1
286,2018-10-12 04:13:00,10214,electron,80,IN,OUT,OUT,OUT,OUT,-1,-1
287,2018-10-12 04:46:00,9737,electron,80,IN,OUT,OUT,OUT,OUT,-1,-1
288,2018-10-12 05:13:00,10582,electron,80,IN,OUT,OUT,OUT,OUT,-1,-1
289,2018-10-12 05:30:00,10401,electron,80,IN,OUT,OUT,OUT,OUT,-1,-1
290,2018-10-12 05:49:00,10047,electron,50,IN,OUT,OUT,OUT,OUT,-1,-1
292,2018-10-12 06:09:00,10327,electron,50,IN,OUT,OUT,OUT,OUT,-1,-1
293,2018-10-12 06:25:00,10244,electron,50,IN,OUT,OUT,OUT,OUT,-1,-1
294,2018-10-12 06:45:00,10332,electron,50,IN,OUT,OUT,OUT,OUT,-1,-1
295,2018-10-12 06:59:00,10286,electron,50,IN,OUT,OUT,OUT,OUT,-1,-1
296,2018-10-12 07:15:00,10239,electron,50,IN,OUT,OUT,OUT,OUT,-1,-1
297,2018-10-12 07:30:00,10266,electron,50,IN,OUT,OUT,OUT,OUT,-1,-1
298,2018-10-12 07:44:00,11334,electron,50,IN,OUT,OUT,OUT,OUT,-1,-1
299,2018-10-12 08:00:00,11427,electron,50,IN,OUT,OUT,OUT,OUT,-1,-1
300,2018-10-12 08:18:00,10167,electron,50,IN,OUT,OUT,OUT,OUT,-1,-1
301,2018-10-12 09:16:00,9,electron,30,IN,IN,OUT,OUT,OUT,-1,-1
302,2018-10-12 09:40:00,2148,electron,100,IN,IN,OUT,OUT,OUT,-1,-1
303,2018-10-12 09:54:00,2162,electron,150,IN,IN,OUT,OUT,OUT,-1,-1
304,2018-10-12 10:08:00,10083,electron,150,IN,IN,OUT,OUT,OUT,-1,-1
305,2018-10-12 11:21:00,10198,electron,150,IN,IN,OUT,OUT,OUT,-1,-1
306,2018-10-12 12:36:00,4039,electron,150,IN,IN,OUT,OUT,OUT,-1,-1
309,2018-10-12 15:39:00,600,electron,150,IN,IN,OUT,OUT,OUT,-1,-1
310,2018-10-12 15:55:00,5800,electron,150,IN,IN,OUT,OUT,OUT,-1,-1
311,2018-10-12 16:23:00,11800,electron,150,IN,IN,OUT,OUT,OUT,-1,-1
312,2018-10-12 16:50:00,0,electron,150,IN,IN,OUT,OUT,OUT,-1,-1
315,2018-10-12 17:10:00,100,electron,150,IN,IN,OUT,OUT,OUT,-1,-1
316,2018-10-12 17:13:00,6000,electron,150,IN,IN,OUT,OUT,OUT,-1,-1
317,2018-10-12 17:27:00,0,electron,150,IN,IN,OUT,OUT,OUT,-1,-1
318,2018-10-12 17:32:00,7766,electron,150,IN,IN,OUT,OUT,OUT,-1,-1
319,2018-10-12 18:04:00,620,electron,300,IN,IN,OUT,OUT,OUT,-1,-1
321,2018-10-12 18:14:00,323,pion,300,IN,IN,OUT,OUT,OUT,-1,-1
323,2018-10-12 18:27:00,0,muon,200,IN,IN,OUT,OUT,OUT,-1,-1
324,2018-10-12 18:31:00,8000,muon,200,IN,IN,OUT,OUT,OUT,-1,-1
325,2018-10-12 18:50:00,10000,muon,200,IN,IN,OUT,OUT,OUT,-1,-1
326,2018-10-12 19:03:00,10000,muon,200,IN,IN,OUT,OUT,OUT,-1,-1
327,2018-10-12 19:24:00,14000,muon,200,IN,IN,OUT,OUT,OUT,-1,-1
328,2018-10-12 19:44:00,9000,muon,200,IN,IN,OUT,OUT,OUT,-1,-1
329,2018-10-12 20:00:00,200,muon,200,IN,IN,OUT,OUT,OUT,-1,-1
331,2018-10-12 20:35:00,3278,muon,200,IN,IN,OUT,OUT,OUT,-1,-1
332,2018-10-12 20:58:00,30,muon,200,IN,IN,OUT,OUT,OUT,-1,-1
337,2018-10-12 22:31:00,214,electron,150,IN,IN,OUT,OUT,OUT,-1,-1
340,2018-10-12 23:07:00,7400,electron,150,IN,IN,OUT,OUT,OUT,-1,-1
341,2018-10-12 23:29:00,6200,electron,150,IN,IN,OUT,OUT,OUT,-1,-1
342,2018-10-12 23:42:00,2880,electron,150,IN,IN,OUT,OUT,OUT,-1,-1
344,2018-10-13 00:14:00,0,electron,150,IN,IN,OUT,OUT,OUT,-1,-1
345,2018-10-13 00:19:00,0,electron,150,IN,IN,OUT,OUT,OUT,-1,-1
348,2018-10-13 00:34:00,11638,electron,150,IN,IN,OUT,OUT,OUT,-1,-1
349,2018-10-13 00:45:00,3405,electron,150,IN,OUT,OUT,OUT,OUT,-1,-1
350,2018-10-13 00:50:00,722,electron,150,IN,OUT,OUT,OUT,OUT,-1,-1
352,2018-10-13 00:59:00,10000,electron,150,IN,OUT,OUT,OUT,OUT,-1,-1
353,2018-10-13 01:12:00,1000,electron,150,IN,OUT,OUT,OUT,OUT,-1,-1
354,2018-10-13 01:15:00,10150,electron,150,IN,OUT,OUT,OUT,OUT,-1,-1
355,2018-10-13 01:44:00,10387,electron,150,IN,OUT,OUT,OUT,OUT,-1,-1
356,2018-10-13 01:56:00,10170,electron,150,IN,OUT,OUT,OUT,OUT,-1,-1
357,2018-10-13 02:08:00,10036,electron,150,IN,OUT,OUT,OUT,OUT,-1,-1
358,2018-10-13 02:19:00,10084,electron,150,IN,OUT,OUT,OUT,OUT,-1,-1
359,2018-10-13 02:32:00,10879,electron,150,IN,OUT,OUT,OUT,OUT,-1,-1
360,2018-10-13 02:44:00,10392,electron,150,IN,OUT,OUT,OUT,OUT,-1,-1
361,2018-10-13 03:03:00,10247,electron,120,IN,OUT,OUT,OUT,OUT,-1,-1
362,2018-10-13 03:18:00,10942,electron,120,IN,OUT,OUT,OUT,OUT,-1,-1
363,2018-10-13 03:30:00,10542,electron,120,IN,OUT,OUT,OUT,OUT,-1,-1
364,2018-10-13 03:44:00,10187,electron,120,IN,OUT,OUT,OUT,OUT,-1,-1
365,2018-10-13 04:53:00,10184,electron,120,IN,OUT,OUT,OUT,OUT,-1,-1
366,2018-10-13 05:19:00,10169,electron,120,IN,OUT,OUT,OUT,OUT,-1,-1
367,2018-10-13 05:34:00,10172,electron,120,IN,OUT,OUT,OUT,OUT,-1,-1
368,2018-10-13 05:47:00,2086,electron,120,IN,OUT,OUT,OUT,OUT,-1,-1
369,2018-10-13 06:06:00,10661,electron,120,IN,OUT,OUT,OUT,OUT,-1,-1
370,2018-10-13 06:17:00,10358,electron,120,IN,OUT,OUT,OUT,OUT,-1,-1
371,2018-10-13 06:30:00,10332,electron,120,IN,OUT,OUT,OUT,OUT,-1,-1
372,2018-10-13 06:44:00,10234,electron,200,IN,OUT,OUT,OUT,OUT,-1,-1
373,2018-10-13 06:57:00,10644,electron,200,IN,OUT,OUT,OUT,OUT,-1,-1
374,2018-10-13 07:10:00,10234,electron,200,IN,OUT,OUT,OUT,OUT,-1,-1
375,2018-10-13 07:22:00,10390,electron,200,IN,OUT,OUT,OUT,OUT,-1,-1
376,2018-10-13 07:34:00,10215,electron,200,IN,OUT,OUT,OUT,OUT,-1,-1
377,2018-10-13 07:46:00,10222,electron,200,IN,OUT,OUT,OUT,OUT,-1,-1
378,2018-10-13 07:59:00,10161,electron,200,IN,OUT,OUT,OUT,OUT,-1,-1
379,2018-10-13 08:26:00,10321,electron,200,IN,OUT,OUT,OUT,OUT,-1,-1
380,2018-10-13 08:55:00,10324,electron,200,IN,OUT,OUT,OUT,OUT,-1,-1
381,2018-10-13 09:30:00,13180,electron,200,IN,IN,OUT,OUT,OUT,-1,-1
382,2018-10-13 09:45:00,11848,electron,120,IN,IN,OUT,OUT,OUT,-1,-1
383,2018-10-13 10:00:00,10579,electron,120,IN,IN,OUT,OUT,OUT,-1,-1
384,2018-10-13 10:20:00,11958,electron,250,IN,IN,OUT,OUT,OUT,-1,-1
385,2018-10-13 10:31:00,10161,electron,250,IN,IN,OUT,OUT,OUT,-1,-1
386,2018-10-13 10:45:00,12097,electron,250,IN,IN,OUT,OUT,OUT,-1,-1
387,2018-10-13 11:00:00,1159,electron,250,IN,OUT,OUT,OUT,OUT,-1,-1
389,2018-10-13 11:10:00,10305,electron,250,IN,IN,OUT,OUT,OUT,-1,-1
390,2018-10-13 11:19:00,10880,electron,250,IN,IN,OUT,OUT,OUT,-1,-1
391,2018-10-13 11:31:00,3326,electron,250,IN,IN,OUT,OUT,OUT,-1,-1
392,2018-10-13 11:35:00,10204,electron,250,IN,IN,OUT,OUT,OUT,-1,-1
393,2018-10-13 11:48:00,5196,electron,250,IN,IN,OUT,OUT,OUT,-1,-1
397,2018-10-13 12:18:00,13521,electron,250,IN,IN,OUT,OUT,OUT,-1,-1
398,2018-10-13 12:37:00,12614,electron,250,IN,IN,OUT,OUT,OUT,-1,-1
399,2018-10-13 12:52:00,10269,electron,250,IN,IN,OUT,OUT,OUT,-1,-1
401,2018-10-13 13:50:00,1100,electron,250,IN,IN,OUT,OUT,OUT,-1,-1
402,2018-10-13 14:02:00,499,electron,250,IN,IN,OUT,OUT,OUT,-1,-1
403,2018-10-13 14:16:00,950,electron,250,IN,IN,OUT,OUT,OUT,-1,-1
404,2018-10-13 14:47:00,13199,electron,250,IN,IN,OUT,OUT,OUT,-1,-1
405,2018-10-13 15:07:00,10300,electron,300,IN,IN,OUT,OUT,OUT,-1,-1
406,2018-10-13 15:25:00,4619,electron,300,IN,IN,OUT,OUT,OUT,-1,-1
407,2018-10-13 15:39:00,5049,electron,300,IN,IN,OUT,OUT,OUT,-1,-1
408,2018-10-13 15:48:00,1742,electron,300,IN,IN,OUT,OUT,OUT,-1,-1
409,2018-10-13 15:52:00,0,electron,300,IN,IN,OUT,OUT,OUT,-1,-1
410,2018-10-13 15:55:00,0,electron,300,IN,IN,OUT,OUT,OUT,-1,-1
411,2018-10-13 15:59:00,10366,electron,300,IN,IN,OUT,OUT,OUT,-1,-1
412,2018-10-13 16:16:00,9680,electron,300,IN,IN,OUT,OUT,OUT,-1,-1
413,2018-10-13 16:48:00,728,electron,300,IN,IN,OUT,OUT,OUT,-1,-1
414,2018-10-13 16:55:00,13285,electron,300,IN,IN,OUT,OUT,OUT,-1,-1
415,2018-10-13 17:18:00,11321,electron,300,IN,IN,OUT,OUT,OUT,-1,-1
416,2018-10-13 17:37:00,14581,electron,300,IN,IN,OUT,OUT,OUT,-1,-1
417,2018-10-13 18:01:00,0,electron,300,IN,IN,OUT,OUT,OUT,-1,-1
418,2018-10-13 18:04:00,10126,electron,300,IN,IN,OUT,OUT,OUT,-1,-1
419,2018-10-13 18:22:00,11189,electron,300,IN,IN,OUT,OUT,OUT,-1,-1
420,2018-10-13 18:40:00,10242,electron,300,IN,IN,OUT,OUT,OUT,-1,-1
421,2018-10-13 18:57:00,7314,electron,300,IN,IN,OUT,OUT,OUT,-1,-1
422,2018-10-13 19:14:00,10478,electron,300,IN,IN,OUT,OUT,OUT,-1,-1
423,2018-10-13 19:31:00,6820,electron,300,IN,IN,OUT,OUT,OUT,-1,-1
424,2018-10-13 20:05:00,11528,electron,300,IN,IN,OUT,OUT,OUT,-1,-1
425,2018-10-13 20:29:00,11593,electron,300,IN,IN,OUT,OUT,OUT,-1,-1
426,2018-10-13 20:47:00,2757,electron,300,IN,IN,OUT,OUT,OUT,-1,-1
427,2018-10-13 21:05:00,0,electron,300,IN,IN,OUT,OUT,OUT,-1,-1
429,2018-10-13 21:27:00,2171,electron,300,IN,IN,OUT,OUT,OUT,-1,-1
430,2018-10-13 21:38:00,10505,electron,300,OUT,OUT,OUT,OUT,OUT,-1,-1
431,2018-10-13 21:58:00,4373,electron,300,OUT,IN,OUT,OUT,OUT,-1,-1
432,2018-10-13 22:28:00,2927,electron,300,IN,IN,OUT,IN,OUT,-1,-1
433,2018-10-13 22:47:00,10143,electron,300,IN,OUT,OUT,OUT,OUT,-1,-1
434,2018-10-13 23:34:00,0,electron,300,IN,OUT,OUT,OUT,OUT,-1,-1
435,2018-10-13 23:50:00,12019,electron,300,IN,IN,OUT,IN,OUT,-1,-1
436,2018-10-14 00:49:00,0,electron,20,IN,IN,OUT,IN,OUT,-1,-1
437,2018-10-14 01:04:00,10274,electron,20,IN,IN,OUT,IN,OUT,-1,-1
438,2018-10-14 01:33:00,0,electron,20,IN,IN,OUT,IN,OUT,-1,-1
439,2018-10-14 01:38:00,10204,electron,20,IN,IN,OUT,IN,OUT,-1,-1
440,2018-10-14 02:07:00,0,electron,20,IN,IN,OUT,IN,OUT,-1,-1
441,2018-10-14 02:11:00,12000,electron,20,IN,IN,OUT,IN,OUT,-1,-1
442,2018-10-14 02:38:00,11081,electron,20,IN,IN,OUT,IN,OUT,-1,-1
443,2018-10-14 02:49:00,0,electron,20,IN,IN,OUT,IN,OUT,-1,-1
444,2018-10-14 02:54:00,10464,electron,20,IN,IN,OUT,IN,OUT,-1,-1
445,2018-10-14 03:06:00,0,electron,20,IN,IN,OUT,IN,OUT,-1,-1
446,2018-10-14 03:11:00,0,electron,20,IN,IN,OUT,IN,OUT,-1,-1
447,2018-10-14 03:13:00,0,electron,20,IN,IN,OUT,IN,OUT,-1,-1
449,2018-10-14 03:23:00,0,electron,20,IN,IN,OUT,IN,OUT,-1,-1
450,2018-10-14 03:30:00,10238,electron,20,IN,IN,OUT,IN,OUT,-1,-1
451,2018-10-14 03:41:00,10687,electron,20,IN,IN,OUT,IN,OUT,-1,-1
452,2018-10-14 03:53:00,11181,electron,20,IN,IN,OUT,IN,OUT,-1,-1
453,2018-10-14 04:05:00,11414,electron,20,IN,IN,OUT,IN,OUT,-1,-1
455,2018-10-14 04:22:00,10962,electron,20,IN,IN,OUT,IN,OUT,-1,-1
456,2018-10-14 04:40:00,11266,electron,50,IN,IN,OUT,IN,OUT,-1,-1
457,2018-10-14 04:53:00,10050,electron,50,IN,IN,OUT,IN,OUT,-1,-1
458,2018-10-14 05:03:00,10119,electron,50,IN,IN,OUT,IN,OUT,-1,-1
459,2018-10-14 05:14:00,10575,electron,50,IN,IN,OUT,IN,OUT,-1,-1
460,2018-10-14 05:28:00,10773,electron,50,IN,IN,OUT,IN,OUT,-1,-1
461,2018-10-14 05:41:00,10546,electron,50,IN,IN,OUT,IN,OUT,-1,-1
462,2018-10-14 05:53:00,10195,electron,50,IN,IN,OUT,IN,OUT,-1,-1
463,2018-10-14 06:04:00,10541,electron,50,IN,IN,OUT,IN,OUT,-1,-1
464,2018-10-14 06:16:00,10820,electron,50,IN,IN,OUT,IN,OUT,-1,-1
465,2018-10-14 06:28:00,10111,electron,50,IN,IN,OUT,IN,OUT,-1,-1
466,2018-10-14 06:43:00,13899,electron,80,IN,IN,OUT,IN,OUT,-1,-1
467,2018-10-14 06:57:00,13423,electron,80,IN,IN,OUT,IN,OUT,-1,-1
468,2018-10-14 07:16:00,10398,electron,80,IN,IN,OUT,IN,OUT,-1,-1
469,2018-10-14 07:26:00,11719,electron,80,IN,IN,OUT,IN,OUT,-1,-1
470,2018-10-14 07:38:00,10048,electron,80,IN,IN,OUT,IN,OUT,-1,-1
471,2018-10-14 07:50:00,10350,electron,80,IN,IN,OUT,IN,OUT,-1,-1
472,2018-10-14 08:10:00,10012,electron,80,IN,IN,OUT,IN,OUT,-1,-1
473,2018-10-14 08:37:00,10145,electron,80,IN,IN,OUT,IN,OUT,-1,-1
474,2018-10-14 09:04:00,10659,electron,80,IN,IN,OUT,IN,OUT,-1,-1
475,2018-10-14 09:33:00,11000,electron,80,IN,IN,OUT,IN,OUT,-1,-1
477,2018-10-14 10:00:00,10162,electron,100,IN,IN,OUT,IN,OUT,-1,0.5
479,2018-10-14 10:12:00,10240,electron,100,IN,IN,OUT,IN,OUT,-1,changing
480,2018-10-14 10:24:00,10089,electron,100,IN,IN,OUT,IN,OUT,-1,12/30
481,2018-10-14 10:35:00,12073,electron,100,IN,IN,OUT,IN,OUT,-1,changing
483,2018-10-14 10:57:00,10348,electron,100,IN,IN,OUT,IN,OUT,-1,12/30
484,2018-10-14 11:08:00,10734,electron,100,IN,IN,OUT,IN,OUT,-1,changing
486,2018-10-14 11:20:00,10047,electron,100,IN,IN,OUT,IN,OUT,-1,12/31
487,2018-10-14 11:32:00,10203,electron,100,IN,IN,OUT,IN,OUT,-1,changing
489,2018-10-14 11:47:00,10165,electron,100,IN,IN,OUT,IN,OUT,-1,12/31
490,2018-10-14 11:58:00,10413,electron,100,IN,IN,OUT,IN,OUT,-1,changing
491,2018-10-14 12:09:00,10176,electron,100,IN,IN,OUT,IN,OUT,-1,01/01
493,2018-10-14 12:25:00,10672,electron,150,IN,IN,OUT,IN,OUT,-1,2
494,2018-10-14 12:40:00,12220,electron,150,IN,IN,OUT,IN,OUT,-1,2
495,2018-10-14 12:53:00,10544,electron,150,IN,IN,OUT,IN,OUT,-1,01/01
496,2018-10-14 13:03:00,21977,electron,150,IN,IN,OUT,IN,OUT,-1,01/01
501,2018-10-14 14:08:00,10499,electron,150,IN,IN,OUT,IN,OUT,-1,01/01
502,2018-10-14 14:17:00,10728,electron,150,IN,IN,OUT,IN,OUT,-1,01/01
503,2018-10-14 14:28:00,10018,electron,150,IN,IN,OUT,IN,OUT,-1,01/01
504,2018-10-14 14:39:00,10933,electron,150,IN,IN,OUT,IN,OUT,-1,01/01
505,2018-10-14 14:50:00,12459,electron,150,IN,IN,OUT,IN,OUT,-1,01/01
506,2018-10-14 15:03:00,8800,electron,150,IN,IN,OUT,IN,OUT,-1,2
507,2018-10-14 15:16:00,10589,electron,150,IN,IN,OUT,IN,OUT,-1,01/01
508,2018-10-14 15:28:00,10183,electron,150,IN,IN,OUT,IN,OUT,-1,01/01
509,2018-10-14 15:39:00,10279,electron,150,IN,IN,OUT,IN,OUT,-1,01/01
512,2018-10-14 16:38:00,20000,pion,300,IN,IN,OUT,IN,OUT,-1,2
513,2018-10-14 17:01:00,13480,pion,300,IN,IN,OUT,IN,OUT,-1,01/01
515,2018-10-14 17:16:00,13866,pion,300,IN,IN,OUT,IN,OUT,-1,01/01
516,2018-10-14 17:34:00,11021,pion,300,IN,IN,OUT,IN,OUT,-1,01/01
517,2018-10-14 17:46:00,10887,pion,300,IN,IN,OUT,IN,OUT,-1,01/01
518,2018-10-14 18:11:00,11999,pion,300,IN,IN,OUT,IN,OUT,-1,01/01
519,2018-10-14 18:57:00,6141,pion,300,IN,IN,OUT,IN,OUT,-1,01/01
520,2018-10-14 19:06:00,12220,pion,300,IN,IN,OUT,IN,OUT,-1,2
521,2018-10-14 19:19:00,10594,pion,300,IN,IN,OUT,IN,OUT,-1,changing
522,2018-10-14 19:44:00,5513,pion,300,IN,IN,OUT,IN,OUT,-1,12/30
523,2018-10-14 19:53:00,13000,pion,300,IN,IN,OUT,IN,OUT,-1,-1
524,2018-10-14 20:10:00,4238,muon,-1,IN,IN,OUT,IN,OUT,-1,-1
525,2018-10-14 20:43:00,10392,pion,80,IN,IN,OUT,IN,OUT,-1,12/31
526,2018-10-14 20:55:00,0,pion,80,IN,IN,OUT,IN,OUT,-1,-1
527,2018-10-14 20:58:00,10644,pion,80,IN,IN,OUT,IN,OUT,-1,-1
528,2018-10-14 21:12:00,0,pion,80,IN,IN,OUT,IN,OUT,-1,-1
529,2018-10-14 21:13:00,10739,pion,80,IN,IN,OUT,IN,OUT,-1,-1
530,2018-10-14 21:38:00,10458,pion,80,IN,IN,OUT,IN,OUT,-1,1.996
531,2018-10-14 21:49:00,11371,pion,80,IN,IN,OUT,IN,OUT,-1,-1
532,2018-10-14 22:09:00,10138,pion,80,IN,IN,OUT,IN,OUT,-1,-1
533,2018-10-14 22:26:00,12417,pion,80,IN,IN,OUT,IN,OUT,-1,-1
534,2018-10-14 23:03:00,12044,pion,80,IN,IN,OUT,IN,OUT,-1,-1
535,2018-10-14 23:39:00,11387,pion,80,IN,IN,OUT,IN,OUT,-1,-1
536,2018-10-15 00:10:00,11903,pion,80,IN,IN,OUT,IN,OUT,-1,1.99
537,2018-10-15 00:23:00,10667,pion,80,IN,IN,OUT,IN,OUT,-1,1.99
538,2018-10-15 00:37:00,11305,pion,80,IN,IN,OUT,IN,OUT,-1,1.99
539,2018-10-15 00:55:00,10267,pion,80,IN,IN,OUT,IN,OUT,-1,-1
541,2018-10-15 01:19:00,10474,pion,250,IN,IN,OUT,IN,OUT,-1,0.21
543,2018-10-15 01:52:00,10434,pion,250,IN,IN,OUT,IN,OUT,-1,0.21
544,2018-10-15 02:15:00,10451,pion,250,IN,IN,OUT,IN,OUT,-1,0.21
545,2018-10-15 02:29:00,10592,pion,250,IN,IN,OUT,IN,OUT,-1,0.21
546,2018-10-15 02:43:00,10788,pion,250,IN,IN,OUT,IN,OUT,-1,0.21
547,2018-10-15 02:56:00,10722,pion,250,IN,IN,OUT,IN,OUT,-1,0.215
548,2018-10-15 03:11:00,11252,pion,250,IN,IN,OUT,IN,OUT,-1,0.215
549,2018-10-15 03:26:00,10880,pion,250,IN,IN,OUT,IN,OUT,-1,0.215
550,2018-10-15 03:40:00,10171,pion,250,IN,IN,OUT,IN,OUT,-1,0.215
551,2018-10-15 04:12:00,10200,pion,250,IN,IN,OUT,IN,OUT,-1,0.215
552,2018-10-15 04:54:00,10231,pion,100,IN,IN,OUT,IN,OUT,-1,1.2
553,2018-10-15 05:25:00,10418,pion,100,IN,IN,OUT,IN,OUT,-1,1.2
554,2018-10-15 05:56:00,10532,pion,100,IN,IN,OUT,IN,OUT,-1,1.195
555,2018-10-15 06:26:00,10239,pion,100,IN,IN,OUT,IN,OUT,-1,1.195
557,2018-10-15 06:55:00,10234,pion,100,IN,IN,OUT,IN,OUT,-1,1.195
558,2018-10-15 07:07:00,10059,pion,100,IN,IN,OUT,IN,OUT,-1,1.195
559,2018-10-15 07:19:00,10202,pion,100,IN,IN,OUT,IN,OUT,-1,1.195
560,2018-10-15 07:31:00,10256,pion,100,IN,IN,OUT,IN,OUT,-1,1.195
561,2018-10-15 07:52:00,10204,pion,100,IN,IN,OUT,IN,OUT,-1,1.195
562,2018-10-15 08:10:00,10225,pion,100,IN,IN,OUT,IN,OUT,-1,1.195
563,2018-10-15 08:29:00,10113,pion,200,IN,IN,OUT,IN,OUT,-1,0.3
564,2018-10-15 08:51:00,10140,pion,200,IN,IN,OUT,IN,OUT,-1,0.3
565,2018-10-15 09:04:00,11000,pion,200,IN,IN,OUT,IN,OUT,-1,0.3
566,2018-10-15 09:23:00,8908,pion,200,IN,IN,OUT,IN,OUT,-1,0.3
567,2018-10-15 09:42:00,0,pion,200,IN,IN,OUT,IN,OUT,-1,0.3
568,2018-10-15 11:35:00,800,pion,200,IN,IN,OUT,IN,OUT,-1,0.3
569,2018-10-15 11:38:00,1178,pion,200,IN,IN,OUT,IN,OUT,-1,0.3
570,2018-10-15 11:40:00,4440,pion,200,IN,IN,OUT,IN,OUT,-1,0.3
571,2018-10-15 11:48:00,237,pion,200,IN,IN,OUT,IN,OUT,-1,0.3
572,2018-10-15 11:49:00,15354,pion,200,IN,IN,OUT,IN,OUT,-1,0.3
574,2018-10-15 12:12:00,6596,pion,200,IN,IN,OUT,IN,OUT,-1,0.3
576,2018-10-15 12:30:00,700,pion,200,IN,IN,OUT,IN,OUT,-1,0.3
577,2018-10-15 12:33:00,10170,pion,200,IN,IN,OUT,IN,OUT,-1,0.3
578,2018-10-15 12:46:00,10721,pion,200,IN,IN,OUT,IN,OUT,-1,0.3
579,2018-10-15 13:02:00,10053,pion,200,IN,IN,OUT,IN,OUT,-1,0.3
580,2018-10-15 13:16:00,1216,pion,200,IN,IN,OUT,IN,OUT,-1,0.3
581,2018-10-15 13:21:00,10146,pion,200,IN,IN,OUT,IN,OUT,-1,0.3
582,2018-10-15 13:37:00,10331,pion,200,IN,IN,OUT,IN,OUT,-1,0.3
584,2018-10-15 13:59:00,11600,pion,120,IN,IN,OUT,IN,OUT,-1,0.9
586,2018-10-15 14:30:00,10973,pion,120,IN,IN,OUT,IN,OUT,-1,0.9
587,2018-10-15 14:43:00,10818,pion,120,IN,IN,OUT,IN,IN,0.1,0.9
588,2018-10-15 14:59:00,10261,pion,120,IN,IN,OUT,IN,IN,0.1,0.9
589,2018-10-15 15:20:00,10879,pion,120,IN,IN,OUT,IN,IN,0.1,0.9
590,2018-10-15 15:38:00,10679,pion,120,IN,IN,OUT,IN,IN,0.1,0.9
591,2018-10-15 15:56:00,11182,pion,120,IN,IN,OUT,IN,IN,-1,-1
592,2018-10-15 16:20:00,10135,pion,120,IN,IN,OUT,IN,IN,0.106,0.89
593,2018-10-15 16:38:00,10195,pion,120,IN,IN,OUT,IN,IN,0.106,0.89
594,2018-10-15 17:15:00,10049,electron,30,IN,IN,OUT,IN,IN,0.106,0.89
595,2018-10-15 17:30:00,10291,electron,30,IN,IN,OUT,IN,IN,0.04,0.04
596,2018-10-15 17:48:00,10035,electron,30,IN,IN,OUT,IN,IN,0.029,0.03
597,2018-10-15 18:05:00,10208,electron,30,IN,IN,OUT,IN,IN,0.051,0.06
599,2018-10-15 18:30:00,12345,electron,30,IN,IN,OUT,IN,IN,0.051,0.054
601,2018-10-15 18:55:00,3500,electron,30,IN,IN,OUT,IN,IN,0.103,0.101
602,2018-10-15 19:06:00,721,electron,30,IN,IN,OUT,IN,IN,0.103,0.101
603,2018-10-15 19:11:00,10010,electron,30,IN,IN,OUT,IN,IN,0.103,0.101
604,2018-10-15 19:28:00,10167,electron,30,IN,IN,OUT,IN,IN,0.103,0.101
606,2018-10-15 19:45:00,10182,electron,30,IN,IN,OUT,IN,IN,0.203,0.203
607,2018-10-15 20:03:00,9732,electron,30,IN,IN,OUT,IN,IN,0.203,0.203
608,2018-10-15 20:25:00,9994,electron,50,IN,IN,OUT,IN,IN,0.3,0.31
609,2018-10-15 20:44:00,12278,electron,50,IN,IN,OUT,IN,IN,0.31,0.31
610,2018-10-15 21:05:00,10888,electron,50,IN,IN,OUT,IN,IN,0.4,0.4
611,2018-10-15 21:21:00,10340,electron,50,IN,IN,OUT,IN,IN,0.4,0.4
613,2018-10-15 21:38:00,10596,electron,50,IN,IN,OUT,IN,IN,0.497,0.503
614,2018-10-15 21:54:00,9907,electron,50,IN,IN,OUT,IN,IN,0.497,0.503
616,2018-10-15 22:13:00,11739,electron,50,IN,IN,OUT,IN,IN,0.651,0.648
617,2018-10-15 22:33:00,10186,electron,50,IN,IN,OUT,IN,IN,0.651,0.648
618,2018-10-15 22:47:00,10516,electron,50,IN,IN,OUT,IN,IN,0.799,0.799
619,2018-10-15 23:03:00,11141,electron,50,IN,IN,OUT,IN,IN,0.799,0.799
620,2018-10-15 23:20:00,10388,electron,120,IN,IN,OUT,IN,IN,0.997,0.994
621,2018-10-15 23:40:00,11361,electron,120,IN,IN,OUT,IN,IN,1,0.993
622,2018-10-16 00:00:00,11417,electron,120,IN,IN,OUT,IN,IN,1.2,1.2
623,2018-10-16 00:24:00,0,electron,120,IN,IN,OUT,IN,IN,-1,-1
634,2018-10-16 01:59:00,0,electron,120,IN,IN,OUT,IN,IN,-1,-1
635,2018-10-16 02:12:00,10434,electron,120,IN,IN,OUT,IN,IN,1.2,1.2
636,2018-10-16 02:35:00,3000,electron,120,IN,IN,OUT,IN,IN,1.5,1.5
637,2018-10-16 02:48:00,0,electron,120,IN,IN,OUT,IN,IN,-1,-1
638,2018-10-16 02:52:00,30,electron,120,IN,IN,OUT,IN,IN,-1,-1
639,2018-10-16 02:56:00,10034,electron,120,IN,IN,OUT,IN,IN,1.5,1.5
640,2018-10-16 03:13:00,10423,electron,120,IN,IN,OUT,IN,IN,1.5,1.5
641,2018-10-16 03:34:00,10593,electron,120,IN,IN,OUT,IN,IN,2,2
642,2018-10-16 03:53:00,10146,electron,120,IN,IN,OUT,IN,IN,2,2
643,2018-10-16 04:08:00,10150,electron,120,IN,IN,OUT,IN,IN,2,2
644,2018-10-16 04:25:00,10159,electron,120,IN,IN,OUT,IN,IN,2,2
645,2018-10-16 05:06:00,10091,electron,250,IN,IN,OUT,IN,IN,2.5,2.5
646,2018-10-16 05:22:00,10181,electron,250,IN,IN,OUT,IN,IN,2.5,2.5
647,2018-10-16 05:40:00,10297,electron,250,IN,IN,OUT,IN,IN,2.5,2.5
648,2018-10-16 06:00:00,10105,electron,250,IN,IN,OUT,IN,IN,2.5,2.5
649,2018-10-16 06:18:00,10130,electron,250,IN,IN,OUT,IN,IN,2.5,2.5
650,2018-10-16 06:34:00,10225,electron,250,IN,IN,OUT,IN,IN,2.5,2.5
651,2018-10-16 06:55:00,10308,electron,250,IN,IN,OUT,IN,IN,2.5,2.5
652,2018-10-16 07:14:00,10329,electron,250,IN,IN,OUT,IN,IN,2.5,2.5
653,2018-10-16 07:33:00,10333,electron,250,IN,IN,OUT,IN,IN,2.5,2.5
654,2018-10-16 07:53:00,10069,electron,250,IN,IN,OUT,IN,IN,2.5,2.5
655,2018-10-16 08:16:00,10155,electron,80,IN,IN,OUT,IN,IN,2.5,2.48
656,2018-10-16 08:45:00,10029,electron,80,IN,IN,OUT,IN,IN,-,-
657,2018-10-16 09:16:00,12092,electron,80,IN,IN,OUT,IN,IN,2.2,2.2
658,2018-10-16 09:53:00,229,electron,80,IN,IN,OUT,IN,IN,-,-
659,2018-10-16 10:06:00,10870,electron,80,IN,IN,OUT,IN,IN,2,2
661,2018-10-16 10:45:00,10131,electron,80,IN,IN,OUT,IN,IN,-,-
662,2018-10-16 11:25:00,900,electron,80,IN,IN,OUT,IN,IN,1.8,1.8
663,2018-10-16 11:35:00,10099,electron,80,IN,IN,OUT,IN,IN,1.8,1.8
664,2018-10-16 12:05:00,11000,electron,200,IN,IN,OUT,IN,IN,1.8,1.8
665,2018-10-16 12:43:00,10239,electron,200,IN,IN,OUT,IN,IN,1.8,1.8
666,2018-10-16 13:13:00,10534,electron,200,IN,IN,OUT,IN,IN,1.8,1.8
667,2018-10-16 13:43:00,9930,electron,200,IN,IN,OUT,IN,IN,1.8,1.8
668,2018-10-16 15:26:00,0,electron,200,IN,IN,OUT,IN,IN,1.8,1.8
669,2018-10-16 15:53:00,0,electron,200,IN,IN,OUT,IN,IN,-1,-1
671,2018-10-16 16:43:00,8982,electron,200,IN,IN,OUT,IN,IN,-1,-1
672,2018-10-16 17:00:00,10167,electron,200,IN,IN,OUT,IN,IN,-1,-1
673,2018-10-16 17:15:00,6136,electron,200,IN,IN,OUT,IN,IN,-1,-1
674,2018-10-16 17:31:00,10111,electron,200,IN,IN,OUT,IN,IN,-1,-1
675,2018-10-16 17:58:00,10421,electron,200,IN,IN,OUT,IN,IN,1.829,1.816
676,2018-10-16 18:00:00,10094,electron,200,IN,IN,OUT,IN,IN,-1,-1
679,2018-10-16 18:30:00,10627,pion,20,IN,IN,OUT,IN,IN,-1,-1
680,2018-10-16 18:53:00,4691,pion,20,IN,IN,OUT,IN,IN,0.046,0.745
681,2018-10-16 19:06:00,10992,pion,20,IN,IN,OUT,IN,IN,0.088,0.751
682,2018-10-16 19:27:00,13916,pion,20,IN,IN,OUT,IN,IN,0.103,0.799
683,2018-10-16 19:54:00,10974,pion,20,IN,IN,OUT,IN,IN,0.12,0.896
685,2018-10-16 20:18:00,10112,pion,20,IN,IN,OUT,IN,IN,0.141,1
687,2018-10-16 20:35:00,10071,pion,20,IN,IN,OUT,IN,IN,0.179,1.152
688,2018-10-16 20:55:00,10019,pion,20,IN,IN,OUT,IN,IN,0.209,1.305
689,2018-10-16 21:15:00,10022,pion,20,IN,IN,OUT,IN,IN,0.269,1.742
690,2018-10-16 21:37:00,9970,pion,50,IN,IN,OUT,IN,IN,0.164,1.483
691,2018-10-16 21:54:00,10565,pion,50,IN,IN,OUT,IN,IN,0.161,1.483
692,2018-10-16 22:15:00,10135,pion,50,IN,IN,OUT,IN,IN,0.164,1.483
693,2018-10-16 22:37:00,10196,pion,50,IN,IN,OUT,IN,IN,0.164,1.483
694,2018-10-16 22:57:00,10113,pion,50,IN,IN,OUT,IN,IN,0.164,1.483
696,2018-10-16 23:18:00,10135,pion,50,IN,IN,OUT,IN,IN,0.164,1.483
697,2018-10-16 23:39:00,10097,pion,50,IN,IN,OUT,IN,IN,0.164,1.483
697,2018-10-17 00:03:00,10147,muon,200,IN,IN,OUT,IN,IN,0.2,1.5
698,2018-10-17 00:25:00,343,muon,200,IN,IN,OUT,IN,IN,0.2,1.5
699,2018-10-17 00:30:00,10674,muon,200,IN,IN,OUT,IN,IN,0.2,1.5
700,2018-10-17 00:50:00,12948,muon,200,IN,IN,OUT,IN,IN,0.2,1.5
701,2018-10-17 01:15:00,10268,muon,200,IN,IN,OUT,IN,IN,0.2,1.5
702,2018-10-17 01:38:00,6000,muon,200,IN,IN,OUT,IN,IN,0.2,1.5
703,2018-10-17 02:01:00,85,muon,200,IN,IN,OUT,IN,IN,0.2,1.5
704,2018-10-17 02:02:00,11471,muon,200,IN,IN,OUT,IN,IN,0.2,1.5
705,2018-10-17 02:23:00,10250,muon,200,IN,IN,OUT,IN,IN,0.2,1.5
706,2018-10-17 02:43:00,0,muon,200,IN,IN,OUT,IN,IN,0.2,1.5
707,2018-10-17 02:45:00,0,muon,200,IN,IN,OUT,IN,IN,0.2,1.5
708,2018-10-17 02:49:00,10132,muon,200,IN,IN,OUT,IN,IN,0.2,1.5
709,2018-10-17 03:10:00,10116,muon,200,IN,IN,OUT,IN,IN,0.2,1.5
710,2018-10-17 03:29:00,10013,muon,200,IN,IN,OUT,IN,IN,0.2,1.5
711,2018-10-17 03:53:00,555,muon,200,IN,IN,OUT,IN,IN,0.2,1.5
712,2018-10-17 03:57:00,10058,muon,200,IN,IN,OUT,IN,IN,0.2,1.5
713,2018-10-17 04:19:00,10054,muon,200,IN,IN,OUT,IN,IN,0.2,1.5
714,2018-10-17 04:40:00,10026,muon,200,IN,IN,OUT,IN,IN,0.2,1.5
715,2018-10-17 05:07:00,10079,muon,200,IN,IN,OUT,IN,IN,0.2,1.5
717,2018-10-17 05:23:00,10114,muon,200,IN,IN,OUT,IN,IN,0.2,1.5
718,2018-10-17 05:37:00,41830,muon,200,IN,IN,OUT,IN,IN,0.2,1.5
719,2018-10-17 06:49:00,10028,muon,200,IN,IN,OUT,IN,IN,0.2,1.5
721,2018-10-17 07:19:00,10132,muon,200,IN,IN,OUT,IN,IN,0.2,1.5
722,2018-10-17 07:32:00,10049,muon,200,IN,IN,OUT,IN,IN,0.2,1.5
751,2018-10-17 19:00:00,4000,muon,200,OUT,IN,OUT,OUT,OUT,-,-
752,2018-10-17 19:17:00,10417,muon,200,OUT,IN,OUT,OUT,OUT,-,-
753,2018-10-17 19:40:00,7549,muon,200,OUT,IN,OUT,OUT,OUT,-,-
754,2018-10-17 19:55:00,9177,muon,200,OUT,IN,OUT,OUT,OUT,-,-
755,2018-10-17 20:19:00,0,pion,300,OUT,IN,OUT,OUT,OUT,-,-
757,2018-10-17 20:25:00,10733,pion,300,IN,IN,OUT,OUT,OUT,-,-
759,2018-10-17 21:05:00,200,pion,300,IN,IN,OUT,OUT,OUT,-,-
761,2018-10-17 21:09:00,400,pion,300,IN,IN,OUT,OUT,OUT,-,-
762,2018-10-17 21:18:00,20,muon,300,IN,IN,OUT,OUT,OUT,-,-
763,2018-10-17 21:20:00,400,muon,300,IN,IN,OUT,OUT,OUT,-,-
764,2018-10-17 21:23:00,5000,pion,300,IN,IN,OUT,OUT,OUT,-,-
766,2018-10-17 21:39:00,10003,pion,300,IN,IN,OUT,OUT,OUT,-,-
770,2018-10-17 22:16:00,5000,pion,300,IN,IN,OUT,OUT,OUT,-,-
772,2018-10-17 22:38:00,600,pion,20,IN,IN,OUT,OUT,OUT,-,-
777,2018-10-17 22:55:00,10168,pion,20,IN,IN,OUT,OUT,OUT,-,-
778,2018-10-17 22:25:00,10844,pion,20,IN,IN,OUT,OUT,OUT,-,-
779,2018-10-17 23:57:00,10187,pion,20,IN,IN,OUT,OUT,OUT,-,-
780,2018-10-18 00:15:00,10122,pion,20,IN,IN,OUT,OUT,OUT,-,-
781,2018-10-18 00:33:00,10244,pion,20,IN,IN,OUT,OUT,OUT,-,-
782,2018-10-18 00:52:00,10111,pion,20,IN,IN,OUT,OUT,OUT,-,-
783,2018-10-18 01:20:00,10452,pion,200,IN,IN,OUT,OUT,OUT,-,-
784,2018-10-18 02:07:00,10250,pion,200,IN,IN,OUT,OUT,OUT,-,-
785,2018-10-18 02:53:00,10585,pion,200,IN,IN,OUT,OUT,OUT,-,-
786,2018-10-18 03:47:00,10234,pion,50,IN,IN,OUT,OUT,OUT,-,-
787,2018-10-18 04:05:00,10233,pion,50,IN,IN,OUT,OUT,OUT,-,-
788,2018-10-18 04:24:00,10309,pion,50,IN,IN,OUT,OUT,OUT,-,-
789,2018-10-18 04:47:00,0,pion,50,IN,IN,OUT,OUT,OUT,-,-
790,2018-10-18 04:56:00,10406,pion,50,IN,IN,OUT,OUT,OUT,-,-
791,2018-10-18 05:14:00,10233,pion,50,IN,IN,OUT,OUT,OUT,-,-
792,2018-10-18 05:37:00,10048,pion,150,IN,IN,OUT,OUT,OUT,-,-
794,2018-10-18 06:19:00,10006,pion,150,IN,IN,OUT,OUT,OUT,-,-
795,2018-10-18 06:37:00,10187,pion,150,IN,IN,OUT,OUT,OUT,-,-
796,2018-10-18 06:59:00,10108,pion,30,IN,IN,OUT,OUT,OUT,-,-
797,2018-10-18 07:19:00,10119,pion,30,IN,IN,OUT,OUT,OUT,-,-
807,2018-10-18 15:53:00,5153,pion,300,IN,IN,OUT,OUT,OUT,-,-
808,2018-10-18 16:22:00,2488,pion,300,IN,IN,OUT,OUT,OUT,-,-
809,2018-10-18 16:32:00,4295,pion,300,IN,IN,OUT,OUT,OUT,-,Changing pressure to 0.3
811,2018-10-18 16:46:00,10571,pion,300,IN,IN,OUT,OUT,OUT,-,0.299
812,2018-10-18 17:22:00,11721,pion,300,IN,IN,OUT,OUT,OUT,-,0.3
814,2018-10-18 18:11:00,10446,pion,300,IN,IN,OUT,OUT,OUT,-,Playing with pressure
815,2018-10-18 18:29:00,11766,pion,300,IN,IN,OUT,OUT,OUT,-,-1
816,2018-10-18 18:51:00,10211,pion,300,IN,IN,OUT,OUT,OUT,-,-1
817,2018-10-18 19:09:00,11019,pion,300,IN,IN,OUT,OUT,OUT,-,0.7
818,2018-10-18 19:33:00,3053,pion,20,IN,IN,OUT,IN,OUT,-,Waiting for pressure
819,2018-10-18 19:41:00,10000,pion,20,IN,IN,OUT,IN,OUT,-,2.5
820,2018-10-18 20:00:00,10150,pion,20,IN,IN,OUT,IN,OUT,-,2.5
821,2018-10-18 20:22:00,10106,pion,20,IN,IN,OUT,IN,OUT,-,2.5
824,2018-10-18 20:47:00,10114,pion,20,IN,IN,OUT,IN,OUT,-,2.5
825,2018-10-18 21:09:00,10102,pion,20,IN,IN,OUT,IN,OUT,-,2.5
826,2018-10-18 21:30:00,11207,pion,20,IN,IN,OUT,IN,OUT,-,2.5
827,2018-10-18 21:57:00,933,pion,200,IN,IN,OUT,IN,OUT,-,Changing to 0.3
828,2018-10-18 22:03:00,10039,pion,200,IN,IN,OUT,IN,OUT,-,0.3
829,2018-10-18 22:46:00,10011,pion,200,IN,IN,OUT,IN,OUT,-,0.3
830,2018-10-18 22:30:00,10303,pion,200,IN,IN,OUT,IN,OUT,-,0.3
831,2018-10-19 00:17:00,8627,pion,200,IN,IN,OUT,IN,OUT,-,0.3
832,2018-10-19 01:06:00,10126,pion,200,IN,IN,OUT,IN,OUT,-,0.3
833,2018-10-19 01:55:00,10818,pion,30,IN,IN,OUT,IN,OUT,-,-
834,2018-10-19 02:19:00,11908,pion,30,IN,IN,OUT,IN,OUT,-,2.5
835,2018-10-19 02:44:00,10575,pion,30,IN,IN,OUT,IN,OUT,-1,2.5
836,2018-10-19 03:03:00,10169,pion,30,IN,IN,OUT,IN,OUT,-1,2.5
837,2018-10-19 03:22:00,10099,pion,30,IN,IN,OUT,IN,OUT,-1,2.5
838,2018-10-19 03:41:00,10040,pion,30,IN,IN,OUT,IN,OUT,-1,2.5
840,2018-10-19 03:58:00,10063,pion,30,IN,IN,OUT,IN,OUT,-1,2.5
841,2018-10-19 04:23:00,10180,pion,150,IN,IN,OUT,IN,OUT,-1,-
842,2018-10-19 04:24:00,10208,pion,150,IN,IN,OUT,IN,OUT,-1,0.594
843,2018-10-19 05:02:00,10676,pion,150,IN,IN,OUT,IN,OUT,-1,0.594
844,2018-10-19 05:22:00,10344,pion,150,IN,IN,OUT,IN,OUT,-1,0.594
845,2018-10-19 05:43:00,10164,pion,150,IN,IN,OUT,IN,OUT,-1,0.594
846,2018-10-19 06:13:00,398,pion,150,IN,IN,OUT,IN,OUT,-1,0.594
847,2018-10-19 06:19:00,10101,pion,50,IN,IN,OUT,IN,OUT,-1,-
848,2018-10-19 06:50:00,10066,pion,50,IN,IN,OUT,IN,OUT,-1,1.5
849,2018-10-19 07:21:00,10070,pion,50,IN,IN,OUT,IN,OUT,-1,1.5
850,2018-10-19 07:51:00,1405,pion,50,IN,IN,OUT,IN,OUT,0,1.5
907,2018-10-19 14:40:00,1700,pion,300,IN,IN,IN,IN,OUT,-1,-1
912,2018-10-19 15:33:00,9800,pion,300,IN,IN,IN,IN,IN,changing to 0.2,changing to 0.3
913,2018-10-19 16:14:00,283,pion,300,IN,IN,IN,IN,IN,0.2,0.3
914,2018-10-19 16:16:00,852,pion,300,OUT,IN,IN,IN,IN,0.2,0.3
916,2018-10-19 16:37:00,7272,electron,100,IN,IN,IN,IN,IN,Not set to standard,Not set to standard
918,2018-10-19 16:54:00,10057,electron,300,IN,IN,IN,IN,IN,0.14,0.3
919,2018-10-19 17:34:00,10197,electron,300,IN,IN,IN,IN,IN,0.14,0.3
920,2018-10-19 18:13:00,11640,electron,300,IN,IN,IN,IN,IN,0.14,0.3
921,2018-10-19 19:00:00,2648,electron,50,IN,IN,IN,IN,IN,2.5(Changing),1.47(Changing)
922,2018-10-19 19:12:00,10138,electron,50,IN,IN,IN,IN,IN,2.5,1.47
923,2018-10-19 19:50:00,10249,electron,50,IN,IN,IN,IN,IN,2.5,1.47
924,2018-10-19 20:23:00,10435,electron,50,IN,IN,IN,IN,IN,2.5,1.47
925,2018-10-19 21:03:00,4865,electron,150,IN,IN,IN,IN,IN,0.59(changing),0.3(changing)
926,2018-10-19 21:13:00,10661,electron,150,IN,IN,IN,IN,IN,0.59,0.3
927,2018-10-19 21:32:00,11596,electron,150,IN,IN,IN,IN,IN,0.59,0.3
930,2018-10-19 22:17:00,10422,electron,150,IN,IN,IN,IN,IN,0.59,0.3
932,2018-10-19 22:35:00,10460,electron,150,IN,IN,IN,IN,IN,0.59,0.3
933,2018-10-19 22:54:00,7458,electron,150,IN,IN,IN,IN,IN,0.59,0.3
934,2018-10-19 23:16:00,10003,pion,300,IN,IN,IN,IN,IN,0.14,0.3
935,2018-10-19 23:39:00,10301,pion,300,IN,IN,IN,IN,IN,0.14,0.3
936,2018-10-20 00:05:00,10081,pion,300,IN,IN,IN,IN,IN,0.141,0.311
937,2018-10-20 00:28:00,85,pion,300,IN,IN,IN,IN,IN,-1,-1
938,2018-10-20 00:36:00,0,pion,300,IN,IN,IN,IN,IN,-1,-1
939,2018-10-20 01:04:00,10069,pion,300,IN,IN,IN,IN,IN,-1,-1
940,2018-10-20 04:04:00,10249,pion,300,IN,IN,IN,IN,IN,0.141,0.305
941,2018-10-20 04:31:00,10148,pion,50,IN,IN,IN,IN,IN,-,-
942,2018-10-20 05:00:00,10167,pion,50,IN,IN,IN,IN,IN,2.49,1.48
943,2018-10-20 05:30:00,10100,pion,50,IN,IN,IN,IN,IN,2.49,1.47
944,2018-10-20 05:59:00,10070,pion,50,IN,IN,IN,IN,IN,2.49,1.47
945,2018-10-20 06:27:00,10147,pion,50,IN,IN,IN,IN,IN,2.49,1.47
946,2018-10-20 06:59:00,10332,pion,150,IN,IN,IN,IN,IN,-,-
947,2018-10-20 07:30:00,10232,pion,150,IN,IN,IN,IN,IN,0.6,0.3
948,2018-10-20 07:46:00,10248,pion,150,IN,IN,IN,IN,IN,0.604,0.311
949,2018-10-20 08:01:00,10100,pion,150,IN,IN,IN,IN,IN,0.6,0.3
950,2018-10-20 08:30:00,10129,pion,150,IN,IN,IN,IN,IN,0.6,0.3
952,2018-10-20 09:11:00,10129,pion,20,IN,IN,IN,IN,IN,0.7,changing from 1.2 to 2.5
953,2018-10-20 10:07:00,4883,pion,20,IN,IN,IN,IN,IN,0.7,2.5
954,2018-10-20 10:45:00,3,pion,20,IN,IN,IN,IN,IN,0.7,2.5
955,2018-10-20 11:55:00,5497,pion,20,IN,IN,IN,IN,IN,0.7,2.5
956,2018-10-20 12:25:00,2400,pion,250,IN,IN,IN,IN,IN,changing to 0.3,changing to 0.3
957,2018-10-20 12:33:00,10368,pion,250,IN,IN,IN,IN,IN,0.3,0.3
958,2018-10-20 13:00:00,10111,pion,250,IN,IN,IN,IN,IN,0.3,0.3
960,2018-10-20 13:40:00,10107,electron,50,IN,IN,IN,IN,IN,2.5,0.58
961,2018-10-20 14:09:00,10308,electron,50,IN,IN,IN,IN,IN,2.5,0.58
962,2018-10-20 14:38:00,146,electron,50,IN,IN,IN,IN,IN,2.49,0.58
963,2018-10-20 14:45:00,10138,electron,50,OUT,IN,IN,IN,IN,2.49,0.58
964,2018-10-20 15:15:00,1612,electron,300,IN,IN,IN,IN,IN,changing to 0.3,0.3
965,2018-10-20 15:22:00,10086,electron,300,IN,IN,IN,IN,IN,0.3,0.3
967,2018-10-20 16:26:00,10138,electron,300,IN,IN,IN,IN,IN,0.3,0.3
968,2018-10-20 16:54:00,10134,electron,300,IN,IN,IN,IN,IN,0.3,0.3
969,2018-10-20 17:25:00,10237,electron,300,IN,IN,IN,IN,IN,0.3,0.3
970,2018-10-20 17:59:00,7000,electron,80,IN,IN,IN,IN,IN,changing to 2.08,changing to 0.57
971,2018-10-20 18:16:00,16440,electron,80,IN,IN,IN,IN,IN,2.08,0.57
972,2018-10-20 18:59:00,10168,electron,80,IN,IN,IN,IN,IN,2.08,0.57
973,2018-10-20 19:21:00,12779,electron,80,IN,IN,IN,IN,IN,2.08,0.57
974,2018-10-20 19:49:00,10064,electron,80,IN,IN,IN,IN,IN,2.08,0.57
975,2018-10-20 20:12:00,10179,electron,80,IN,IN,IN,IN,IN,2.08,0.57
976,2018-10-20 20:41:00,3978,electron,250,IN,IN,IN,IN,IN,changing to 0.3,changing to 0.3
977,2018-10-20 20:41:00,17913,electron,250,IN,IN,IN,IN,IN,0.3,0.3
978,2018-10-20 21:27:00,10149,electron,250,IN,IN,IN,IN,IN,0.3,0.3
979,2018-10-20 21:49:00,12596,electron,250,IN,IN,IN,IN,IN,0.3,0.3
980,2018-10-20 22:18:00,11731,electron,250,IN,IN,IN,IN,IN,-1,-1
981,2018-10-20 22:46:00,10187,electron,250,IN,IN,IN,IN,IN,-1,-1
984,2018-10-20 23:45:00,3016,electron,20,OUT,IN,IN,IN,IN,0.73,2.5
985,2018-10-21 00:21:00,10728,electron,100,IN,IN,IN,IN,IN,0.36,1.33
987,2018-10-21 00:44:00,10120,electron,100,IN,IN,IN,IN,IN,-1,-1
988,2018-10-21 01:06:00,10465,electron,100,IN,IN,IN,IN,IN,-1,-1
990,2018-10-21 01:33:00,10346,electron,100,IN,IN,IN,IN,IN,-1,-1
991,2018-10-21 02:10:00,12395,electron,100,IN,IN,IN,IN,IN,-1,-1
992,2018-10-21 02:57:00,10989,electron,200,IN,IN,IN,IN,IN,0.33,0.3
993,2018-10-21 03:35:00,10673,electron,200,IN,IN,IN,IN,IN,-1,-1
994,2018-10-21 04:07:00,10982,electron,200,IN,IN,IN,IN,IN,-1,-1
996,2018-10-21 04:44:00,11375,electron,200,IN,IN,IN,IN,IN,-1,-1
997,2018-10-21 05:28:00,12393,electron,200,IN,IN,IN,IN,IN,-1,-1
998,2018-10-21 06:06:00,11739,electron,120,IN,IN,IN,IN,IN,0.92,0.3
999,2018-10-21 06:35:00,10786,electron,120,IN,IN,IN,IN,IN,-1,-1
1000,2018-10-21 06:55:00,10470,electron,120,IN,IN,IN,IN,IN,-1,-1
1001,2018-10-21 07:14:00,10185,electron,120,IN,IN,IN,IN,IN,-1,-1
1002,2018-10-21 07:36:00,10458,electron,120,IN,IN,IN,IN,IN,-1,-1
1003,2018-10-21 08:11:00,177,pion,300,IN,IN,IN,IN,IN,0.14,0.3
1004,2018-10-21 08:21:00,135,pion,300,IN,IN,IN,IN,IN,-1,-1
1005,2018-10-21 08:33:00,3083,electron,300,IN,IN,IN,IN,IN,0.14,0.3
1006,2018-10-21 13:55:00,1041,electron,300,IN,IN,IN,IN,IN,-1,-1
1007,2018-10-21 14:34:00,10301,electron,30,IN,IN,IN,IN,IN,0.32,2.5
1008,2018-10-21 14:59:00,11019,electron,30,IN,IN,IN,IN,IN,-1,-1
1010,2018-10-21 15:31:00,10018,electron,30,IN,IN,IN,IN,IN,-1,-1
1011,2018-10-21 15:58:00,10000,electron,30,IN,IN,IN,IN,IN,-1,-1
1012,2018-10-21 16:30:00,10478,electron,20,IN,IN,IN,IN,IN,0.73,2.5
1014,2018-10-21 17:00:00,10222,electron,20,IN,IN,IN,IN,IN,-1,-1
1015,2018-10-21 18:19:00,10200,electron,20,IN,IN,IN,IN,IN,-1,-1
1016,2018-10-21 19:20:00,10378,pion,20,IN,IN,IN,IN,IN,-1,-1
1017,2018-10-21 21:36:00,10249,pion,20,IN,IN,IN,IN,IN,-1,-1
1018,2018-10-21 22:45:00,20937,pion,30,IN,IN,IN,IN,IN,-1,-1
1020,2018-10-21 23:45:00,10043,pion,30,IN,IN,IN,IN,IN,0.32,2.5
1021,2018-10-22 00:12:00,10057,pion,30,IN,IN,IN,IN,IN,-1,-1
1023,2018-10-22 00:45:00,10108,pion,30,IN,IN,IN,IN,IN,-1,-1
1029,2018-10-22 01:56:00,10128,pion,200,IN,IN,IN,IN,IN,-1,-1
1031,2018-10-22 02:20:00,10080,pion,200,IN,IN,IN,IN,IN,-1,-1
1033,2018-10-22 02:45:00,10102,pion,200,IN,IN,IN,IN,IN,-1,-1
1036,2018-10-22 03:09:00,10049,pion,200,IN,IN,IN,IN,IN,-1,-1
1037,2018-10-22 03:34:00,10246,pion,120,IN,IN,IN,IN,IN,-1,-1
1038,2018-10-22 04:00:00,1921,pion,120,IN,IN,IN,IN,IN,-1,-1
1039,2018-10-22 04:12:00,333,pion,120,IN,IN,IN,IN,IN,-1,-1
1040,2018-10-22 04:30:00,10065,pion,120,IN,IN,IN,IN,IN,-1,-1
1042,2018-10-22 04:57:00,3000,pion,120,OUT,IN,IN,IN,IN,-1,-1
1043,2018-10-22 05:06:00,10208,pion,120,IN,IN,IN,IN,IN,-1,-1
1045,2018-10-22 05:40:00,10103,pion,100,IN,IN,IN,IN,IN,-1,-1
1047,2018-10-22 06:16:00,10106,pion,100,IN,IN,IN,IN,IN,-1,-1
1049,2018-10-22 06:44:00,10114,pion,100,IN,IN,IN,IN,IN,-1,-1
1051,2018-10-22 07:16:00,10062,pion,80,IN,IN,IN,IN,IN,-1,-1
1052,2018-10-22 07:48:00,10571,pion,80,IN,IN,IN,IN,IN,2.08,0.6
1053,2018-10-22 08:21:00,10567,pion,80,IN,IN,IN,IN,IN,2.08,0.6
1054,2018-10-22 09:01:00,12131,pion,250,IN,IN,IN,IN,IN,0.21,0.3
1055,2018-10-22 09:31:00,10080,pion,250,IN,IN,IN,IN,IN,0.21,0.3
1056,2018-10-22 10:08:00,10224,pion,250,IN,IN,IN,IN,IN,0.21,0.3
1058,2018-10-22 11:34:00,2400,muon,200,IN,IN,IN,IN,IN,-1,-1
1059,2018-10-22 11:41:00,3400,muon,200,IN,IN,IN,IN,IN,-1,-1
1060,2018-10-22 11:50:00,0,muon,200,IN,IN,IN,IN,IN,-1,-1
1061,2018-10-22 11:55:00,0,muon,200,IN,IN,IN,IN,IN,-1,-1
1062,2018-10-22 12:00:00,0,muon,200,IN,IN,IN,IN,IN,-1,-1
1063,2018-10-22 12:15:00,0,muon,200,IN,IN,IN,IN,IN,-1,-1
1064,2018-10-22 12:30:00,11344,muon,200,IN,IN,IN,IN,IN,-1,-1
1080,2018-10-22 18:20:00,12326,pion,100,IN,IN,IN,IN,IN,-1,-1
1081,2018-10-22 19:02:00,12043,pion,100,IN,IN,IN,IN,IN,-1,-1
1082,2018-10-22 19:34:00,5528,pion,100,IN,IN,IN,IN,IN,-1,-1
1084,2018-10-22 19:52:00,10635,pion,300,IN,IN,IN,IN,IN,-1,-1
1085,2018-10-22 20:21:00,11699,pion,300,IN,IN,IN,IN,IN,-1,-1
1086,2018-10-22 21:17:00,12209,pion,300,IN,IN,IN,IN,IN,-1,-1
1087,2018-10-22 21:52:00,10693,pion,300,IN,IN,IN,IN,IN,-1,-1
1089,2018-10-22 22:36:00,10520,pion,300,IN,IN,IN,IN,IN,-1,-1
1091,2018-10-22 23:17:00,10171,pion,50,IN,IN,IN,IN,IN,2.5,1.47
1092,2018-10-22 23:41:00,10078,pion,50,IN,IN,IN,IN,IN,-1,-1
1093,2018-10-23 00:07:00,10192,pion,50,IN,IN,IN,IN,IN,-1,-1
1094,2018-10-23 00:31:00,10230,pion,50,IN,IN,IN,IN,IN,-1,-1
1098,2018-10-23 00:59:00,10213,pion,50,IN,IN,IN,IN,IN,-1,-1
1099,2018-10-23 01:32:00,10162,pion,250,IN,IN,IN,IN,IN,0.21,0.3
1100,2018-10-23 02:02:00,10803,pion,250,IN,IN,IN,IN,IN,-1,-1
1101,2018-10-23 02:32:00,10882,pion,250,IN,IN,IN,IN,IN,-1,-1
1102,2018-10-23 03:06:00,10518,pion,250,IN,IN,IN,IN,IN,-1,-1
1104,2018-10-23 03:38:00,10167,pion,250,IN,IN,IN,IN,IN,-1,-1
1105,2018-10-23 04:17:00,10678,pion,150,IN,IN,IN,IN,IN,0.59,0.3
1106,2018-10-23 04:42:00,5000,pion,150,IN,IN,IN,IN,IN,-1,-1
1110,2018-10-23 05:00:00,0,pion,150,IN,IN,IN,IN,IN,-1,-1
1115,2018-10-23 06:30:00,10510,pion,80,IN,IN,IN,IN,IN,-1,-1
1115,2018-10-23 06:52:00,10255,pion,80,OUT,IN,IN,IN,IN,-1,-1
1117,2018-10-23 07:12:00,10055,pion,80,OUT,IN,IN,IN,IN,-1,-1
1118,2018-10-23 07:29:00,3330,pion,80,OUT,IN,IN,IN,IN,-1,-1
1119,2018-10-23 07:35:00,10212,pion,80,IN,IN,IN,IN,IN,-1,-1
1120,2018-10-23 08:03:00,10158,pion,80,IN,IN,IN,IN,IN,-1,-1
1121,2018-10-23 08:27:00,10108,pion,80,IN,IN,IN,IN,IN,-1,-1
1122,2018-10-23 08:55:00,10135,pion,80,IN,IN,IN,IN,IN,-1,-1
1123,2018-10-23 09:25:00,10103,pion,200,IN,IN,IN,IN,IN,0.326,0.305
1124,2018-10-23 09:55:00,10030,pion,200,IN,IN,IN,IN,IN,-1,-1
1125,2018-10-23 10:41:00,10470,pion,200,IN,IN,IN,IN,IN,-1,-1
1126,2018-10-23 11:28:00,9701,pion,200,IN,IN,IN,IN,IN,-1,-1
1127,2018-10-23 11:59:00,10076,pion,120,IN,IN,IN,IN,IN,0.92 (changing),0.3
1128,2018-10-23 12:30:00,10027,pion,120,IN,IN,IN,IN,IN,0.93,0.3
1129,2018-10-23 13:27:00,10107,pion,120,IN,IN,IN,IN,IN,-1,-1
1130,2018-10-23 14:22:00,570,pion,20,IN,IN,IN,IN,IN,-1,-1
1131,2018-10-23 14:33:00,10030,pion,30,IN,IN,IN,IN,IN,-1,-1
1132,2018-10-23 15:25:00,2060,pion,30,IN,IN,IN,IN,IN,-1,-1
1134,2018-10-23 16:28:00,10255,pion,30,IN,IN,IN,IN,IN,-1,-1
1135,2018-10-23 17:32:00,10132,pion,30,IN,IN,IN,IN,IN,0.32 changing,2.5 changing
1136,2018-10-23 18:39:00,10121,pion,30,IN,IN,IN,IN,IN,0.32,2.5
1139,2018-10-23 19:48:00,10210,electron,50,IN,IN,IN,IN,IN,-1,-1
1141,2018-10-23 20:12:00,10449,electron,50,IN,IN,IN,IN,IN,2.49,1.47
1144,2018-10-23 20:38:00,10079,electron,50,IN,IN,IN,IN,IN,-1,-1
1145,2018-10-23 21:09:00,10292,electron,50,IN,IN,IN,IN,IN,-1,-1
1146,2018-10-23 21:10:00,10007,electron,50,IN,IN,IN,IN,IN,-1,-1
1147,2018-10-23 22:02:00,10210,electron,150,IN,IN,IN,IN,IN,-1,-1
1149,2018-10-23 22:20:00,10918,electron,150,IN,IN,IN,IN,IN,-1,-1
1151,2018-10-23 22:43:00,10142,electron,150,IN,IN,IN,IN,IN,-1,-1
1153,2018-10-23 23:02:00,10061,electron,300,IN,IN,IN,IN,IN,0.14,0.3
1154,2018-10-23 23:40:00,10064,electron,300,IN,IN,IN,IN,IN,-1,-1
1155,2018-10-24 00:15:00,10093,electron,300,IN,IN,IN,IN,IN,-1,-1
1156,2018-10-24 00:55:00,10058,pion,150,IN,IN,IN,IN,IN,0.6,0.3
1157,2018-10-24 01:22:00,10062,pion,150,IN,IN,IN,IN,IN,-1,-1
1158,2018-10-24 01:49:00,0,pion,150,IN,IN,IN,IN,IN,-1,-1
1159,2018-10-24 02:01:00,10481,pion,150,IN,IN,IN,IN,IN,-1,-1
1160,2018-10-24 02:33:00,10658,pion,150,IN,IN,IN,IN,IN,-1,-1
1163,2018-10-24 03:07:00,10091,pion,150,IN,IN,IN,IN,IN,-1,-1
1164,2018-10-24 03:36:00,10157,pion,300,IN,IN,IN,IN,IN,0.144,0.3
1165,2018-10-24 04:01:00,10044,pion,300,IN,IN,IN,IN,IN,-1,-1
1166,2018-10-24 04:26:00,10068,pion,300,IN,IN,IN,IN,IN,-1,-1
1167,2018-10-24 05:12:00,11742,pion,50,IN,IN,IN,IN,IN,-1,-1
1168,2018-10-24 05:40:00,0,pion,50,-1,-1,-1,-1,-1,-1,-1
